"日期","收盘","开盘","高","低","交易量","涨跌幅"
"2019年5月31日","56.14","56.00","56.22","55.66","-","0.45%"
"2019年5月30日","55.89","59.03","59.69","55.82","-","-4.97%"
"2019年5月29日","58.81","59.07","59.14","56.88","1.12M","-0.56%"
"2019年5月28日","59.14","58.94","59.57","58.13","1.02M","-0.03%"
"2019年5月27日","59.16","58.77","59.26","58.14","-","0.66%"
"2019年5月26日","58.77","58.94","59.00","58.67","-","0.24%"
"2019年5月24日","58.63","58.21","59.10","57.50","758.10K","1.24%"
"2019年5月23日","57.91","61.31","61.41","57.33","1.11M","-5.71%"
"2019年5月22日","61.42","62.95","63.00","61.03","766.73K","-2.49%"
"2019年5月21日","62.99","63.22","63.60","62.75","28.91K","-0.17%"
"2019年5月20日","63.10","62.93","63.81","62.45","131.89K","0.54%"
"2019年5月17日","62.76","63.12","63.64","62.52","215.80K","-0.17%"
"2019年5月16日","62.87","62.12","63.48","62.08","545.68K","1.37%"
"2019年5月15日","62.02","61.37","62.34","60.85","723.00K","0.39%"
"2019年5月14日","61.78","60.86","62.11","60.69","751.67K","1.21%"
"2019年5月13日","61.04","61.65","63.33","60.64","1.00M","-1.01%"
"2019年5月10日","61.66","61.64","62.49","61.42","786.49K","-0.06%"
"2019年5月9日","61.70","62.02","62.21","60.92","769.58K","-0.68%"
"2019年5月8日","62.12","61.44","62.37","61.07","791.77K","1.17%"
"2019年5月7日","61.40","62.17","62.49","60.66","842.81K","-1.37%"
"2019年5月6日","62.25","61.43","62.95","60.04","768.81K","0.50%"
"2019年5月3日","61.94","61.55","62.52","61.30","646.87K","0.21%"
"2019年5月2日","61.81","63.61","63.68","60.95","914.66K","-2.81%"
"2019年5月1日","63.60","63.40","63.93","62.77","676.87K","-0.49%"
"2019年4月30日","63.91","63.58","64.75","63.30","750.49K","0.65%"
"2019年4月29日","63.50","62.95","63.69","62.46","654.08K","0.32%"
"2019年4月26日","63.30","65.13","65.18","62.28","1.00M","-2.93%"
"2019年4月25日","65.21","65.81","66.28","64.90","603.00K","-1.03%"
"2019年4月24日","65.89","66.17","66.43","65.66","678.39K","-0.62%"
"2019年4月23日","66.30","65.75","66.60","65.58","700.60K","0.91%"
"2019年4月22日","65.70","64.00","65.92","64.00","30.14K","2.66%"
"2019年4月18日","64.00","63.75","64.16","63.46","148.24K","0.38%"
"2019年4月17日","63.76","64.32","64.61","63.66","235.38K","-0.45%"
"2019年4月16日","64.05","63.57","64.37","62.99","547.47K","1.03%"
"2019年4月15日","63.40","63.76","63.84","63.03","555.86K","-0.77%"
"2019年4月12日","63.89","63.71","64.65","63.66","625.59K","0.49%"
"2019年4月11日","63.58","64.48","64.49","63.31","760.50K","-1.59%"
"2019年4月10日","64.61","64.22","64.70","64.05","722.22K","0.98%"
"2019年4月9日","63.98","64.40","64.79","63.68","790.68K","-0.65%"
"2019年4月8日","64.40","63.33","64.48","63.13","895.77K","2.09%"
"2019年4月5日","63.08","62.18","63.34","61.82","686.86K","1.58%"
"2019年4月4日","62.10","62.50","62.77","61.89","684.97K","-0.58%"
"2019年4月3日","62.46","62.64","62.99","62.05","799.67K","-0.19%"
"2019年4月2日","62.58","61.81","62.75","61.60","793.23K","1.61%"
"2019年4月1日","61.59","60.24","61.80","60.13","670.81K","2.41%"
"2019年3月29日","60.14","59.53","60.73","59.41","705.56K","1.42%"
"2019年3月28日","59.30","59.40","59.56","58.20","712.21K","-0.19%"
"2019年3月27日","59.41","60.03","60.22","58.81","732.15K","-0.88%"
"2019年3月26日","59.94","59.12","60.38","59.04","685.99K","1.90%"
"2019年3月25日","58.82","58.98","59.35","58.17","705.40K","-0.37%"
"2019年3月22日","59.04","59.87","60.07","58.28","738.84K","-1.57%"
"2019年3月21日","59.98","59.99","60.39","59.66","655.38K","0.25%"
"2019年3月20日","59.83","59.02","60.12","58.39","31.13K","1.36%"
"2019年3月19日","59.03","59.01","59.57","58.62","114.82K","-0.10%"
"2019年3月18日","59.09","58.45","59.23","58.05","157.24K","0.97%"
"2019年3月15日","58.52","58.51","58.95","57.74","507.39K","-0.15%"
"2019年3月14日","58.61","58.35","58.74","58.00","567.60K","0.60%"
"2019年3月13日","58.26","57.09","58.48","57.01","610.62K","2.44%"
"2019年3月12日","56.87","56.76","57.55","56.74","652.80K","0.14%"
"2019年3月11日","56.79","56.07","57.01","55.96","597.16K","1.28%"
"2019年3月8日","56.07","56.43","56.51","54.52","747.36K","-1.04%"
"2019年3月7日","56.66","56.20","56.99","56.08","628.82K","0.78%"
"2019年3月6日","56.22","56.28","56.40","55.42","637.68K","-0.60%"
"2019年3月5日","56.56","56.45","57.19","56.09","538.40K","-0.05%"
"2019年3月4日","56.59","55.83","57.00","55.81","549.40K","1.42%"
"2019年3月1日","55.80","57.22","57.88","55.57","684.19K","-2.48%"
"2019年2月28日","57.22","57.00","57.43","56.43","496.68K","0.49%"
"2019年2月27日","56.94","55.95","57.39","55.72","577.23K","2.59%"
"2019年2月26日","55.50","55.46","56.08","55.02","538.92K","0.04%"
"2019年2月25日","55.48","57.17","57.53","55.08","723.01K","-3.11%"
"2019年2月22日","57.26","56.84","57.81","56.71","513.44K","0.53%"
"2019年2月21日","56.96","57.24","57.61","56.64","546.20K","0.07%"
"2019年2月20日","56.92","55.94","57.55","55.48","37.68K","1.48%"
"2019年2月19日","56.09","55.78","56.33","55.29","153.73K","-0.32%"
"2019年2月18日","56.27","56.33","56.73","56.12","-","-0.11%"
"2019年2月17日","56.33","56.17","56.39","56.11","-","1.33%"
"2019年2月15日","55.59","54.48","55.87","54.24","276.91K","2.17%"
"2019年2月14日","54.41","53.96","54.68","53.08","623.55K","0.95%"
"2019年2月13日","53.90","53.35","54.60","53.27","706.55K","1.51%"
"2019年2月12日","53.10","52.47","54.05","52.29","708.31K","1.32%"
"2019年2月11日","52.41","52.66","52.78","51.23","750.24K","-0.59%"
"2019年2月8日","52.72","52.59","52.99","52.08","621.00K","0.15%"
"2019年2月7日","52.64","53.94","54.21","51.80","749.01K","-2.54%"
"2019年2月6日","54.01","53.73","54.30","52.86","606.72K","0.65%"
"2019年2月5日","53.66","54.86","55.21","53.47","609.76K","-1.65%"
"2019年2月4日","54.56","55.32","55.75","53.29","622.47K","-1.27%"
"2019年2月1日","55.26","54.01","55.66","53.37","689.57K","2.73%"
"2019年1月31日","53.79","54.28","55.37","53.62","718.65K","-0.81%"
"2019年1月30日","54.23","53.24","54.93","53.09","731.31K","1.73%"
"2019年1月29日","53.31","52.12","53.93","51.84","660.53K","2.54%"
"2019年1月28日","51.99","53.56","53.64","51.33","650.67K","-3.17%"
"2019年1月25日","53.69","53.17","53.94","52.91","593.39K","1.05%"
"2019年1月24日","53.13","52.45","53.47","52.07","714.42K","0.97%"
"2019年1月23日","52.62","52.95","53.64","51.86","702.87K","0.10%"
"2019年1月22日","52.57","53.73","54.24","51.80","46.03K","-3.08%"
"2019年1月21日","54.24","53.66","54.48","53.58","-","1.10%"
"2019年1月20日","53.65","53.97","54.05","53.59","-","-0.28%"
"2019年1月18日","53.80","52.23","53.92","52.09","193.10K","3.32%"
"2019年1月17日","52.07","52.30","52.58","50.98","288.56K","-0.46%"
"2019年1月16日","52.31","52.00","52.52","51.26","694.18K","0.38%"
"2019年1月15日","52.11","50.78","52.30","50.64","664.18K","3.17%"
"2019年1月14日","50.51","51.73","52.11","50.38","791.53K","-2.09%"
"2019年1月11日","51.59","52.28","53.31","51.18","812.34K","-1.90%"
"2019年1月10日","52.59","52.18","52.78","51.37","821.78K","0.44%"
"2019年1月9日","52.36","49.80","52.58","49.71","891.92K","5.18%"
"2019年1月8日","49.78","48.73","49.95","48.31","765.98K","2.60%"
"2019年1月7日","48.52","48.30","49.79","48.11","819.94K","1.17%"
"2019年1月4日","47.96","46.90","49.22","46.65","817.28K","1.85%"
"2019年1月3日","47.09","46.26","47.49","45.35","788.72K","1.18%"
"2019年1月2日","46.54","45.80","47.78","44.35","850.48K","1.42%"
"2019年1月1日","45.89","45.77","45.95","45.73","-","1.06%"
"2018年12月31日","45.41","45.22","46.53","44.73","476.97K","0.18%"
"2018年12月28日","45.33","45.44","46.22","44.42","564.39K","1.61%"
"2018年12月27日","44.61","46.58","46.70","44.37","665.59K","-3.48%"
"2018年12月26日","46.22","42.85","47.00","42.52","698.41K","7.09%"
"2018年12月25日","43.16","43.00","43.25","42.88","-","1.48%"
"2018年12月24日","42.53","45.45","46.24","42.36","415.86K","-6.71%"
"2018年12月21日","45.59","46.25","46.77","45.13","694.00K","-0.63%"
"2018年12月20日","45.88","47.39","47.51","45.67","794.13K","-2.80%"
"2018年12月19日","47.20","45.93","48.00","45.93","37.16K","2.08%"
"2018年12月18日","46.24","49.16","49.59","45.79","120.10K","-7.30%"
"2018年12月17日","49.88","51.25","51.87","49.01","211.26K","-2.58%"
"2018年12月14日","51.20","52.83","52.95","50.84","526.84K","-2.62%"
"2018年12月13日","52.58","51.20","53.27","50.35","733.63K","2.80%"
"2018年12月12日","51.15","51.95","52.88","50.94","730.81K","-0.97%"
"2018年12月11日","51.65","50.89","52.43","50.70","665.26K","1.27%"
"2018年12月10日","51.00","52.03","52.81","50.53","733.23K","-3.06%"
"2018年12月7日","52.61","51.76","54.22","50.60","987.72K","2.18%"
"2018年12月6日","51.49","52.93","53.30","50.08","987.27K","-2.65%"
"2018年12月5日","52.89","52.59","54.44","52.16","624.91K","-0.68%"
"2018年12月4日","53.25","53.13","54.55","52.43","738.13K","0.57%"
"2018年12月3日","52.95","52.45","53.85","52.03","758.01K","3.97%"
"2018年11月30日","50.93","51.27","51.79","49.65","796.71K","-1.01%"
"2018年11月29日","51.45","50.31","52.20","49.41","812.72K","2.31%"
"2018年11月28日","50.29","52.09","52.56","50.06","831.69K","-2.46%"
"2018年11月27日","51.56","51.54","52.38","50.30","764.01K","-0.14%"
"2018年11月26日","51.63","50.62","52.25","50.10","663.11K","2.40%"
"2018年11月23日","50.42","54.66","54.82","50.15","1.01M","-6.66%"
"2018年11月22日","54.02","54.64","54.82","53.53","-","-1.12%"
"2018年11月21日","54.63","53.39","55.86","53.39","734.28K","2.25%"
"2018年11月20日","53.43","57.39","57.44","52.77","983.12K","-5.87%"
"2018年11月19日","56.76","56.72","57.33","55.08","33.58K","0.53%"
"2018年11月16日","56.46","56.58","57.96","55.89","159.00K","0.00%"
"2018年11月15日","56.46","56.02","57.26","55.59","256.50K","0.37%"
"2018年11月14日","56.25","55.27","57.37","55.13","844.70K","1.01%"
"2018年11月13日","55.69","58.88","59.35","54.75","1.10M","-7.07%"
"2018年11月12日","59.93","60.70","61.28","58.68","806.22K","-0.43%"
"2018年11月9日","60.19","60.75","60.79","59.26","821.73K","-0.79%"
"2018年11月8日","60.67","61.64","62.42","60.40","764.55K","-1.62%"
"2018年11月7日","61.67","61.74","63.18","61.20","866.63K","-0.87%"
"2018年11月6日","62.21","62.70","63.32","61.31","761.24K","-1.41%"
"2018年11月5日","63.10","62.99","64.14","62.52","609.13K","-0.06%"
"2018年11月2日","63.14","63.50","63.95","62.63","708.91K","-0.86%"
"2018年11月1日","63.69","64.88","65.39","63.11","790.29K","-2.48%"
"2018年10月31日","65.31","66.32","67.00","64.81","666.49K","-1.31%"
"2018年10月30日","66.18","66.68","67.26","65.33","680.44K","-1.28%"
"2018年10月29日","67.04","67.55","67.95","66.29","477.49K","-0.81%"
"2018年10月26日","67.59","66.95","67.88","66.20","595.21K","0.39%"
"2018年10月25日","67.33","66.36","67.65","65.99","573.10K","0.76%"
"2018年10月24日","66.82","66.17","67.72","66.05","775.96K","0.59%"
"2018年10月23日","66.43","69.55","69.66","65.74","853.27K","-3.96%"
"2018年10月22日","69.17","69.41","69.65","68.27","27.42K","0.07%"
"2018年10月19日","69.12","68.68","69.77","68.56","108.31K","0.68%"
"2018年10月18日","68.65","70.03","70.03","68.47","215.34K","-1.58%"
"2018年10月17日","69.75","72.17","72.43","69.43","651.58K","-3.02%"
"2018年10月16日","71.92","71.72","72.29","71.02","535.00K","0.20%"
"2018年10月15日","71.78","71.85","72.70","70.85","568.61K","0.62%"
"2018年10月12日","71.34","70.99","72.01","70.64","626.67K","0.52%"
"2018年10月11日","70.97","72.68","72.76","70.51","783.96K","-3.01%"
"2018年10月10日","73.17","74.66","75.08","72.38","652.74K","-2.39%"
"2018年10月9日","74.96","74.21","75.28","74.00","623.54K","0.90%"
"2018年10月8日","74.29","74.40","74.58","73.07","554.94K","-0.07%"
"2018年10月5日","74.34","74.67","75.22","73.83","613.22K","0.01%"
"2018年10月4日","74.33","76.18","76.47","73.88","687.95K","-2.72%"
"2018年10月3日","76.41","75.12","76.90","74.30","698.82K","1.57%"
"2018年10月2日","75.23","75.42","75.91","74.93","463.62K","-0.09%"
"2018年10月1日","75.30","73.29","75.77","72.95","601.45K","2.80%"
"2018年9月28日","73.25","72.18","73.73","71.88","544.05K","1.57%"
"2018年9月27日","72.12","72.01","72.60","71.71","454.55K","0.77%"
"2018年9月26日","71.57","72.09","72.38","71.47","464.46K","-0.98%"
"2018年9月25日","72.28","72.25","72.78","71.89","551.28K","0.28%"
"2018年9月24日","72.08","71.14","72.74","71.14","576.89K","1.84%"
"2018年9月21日","70.78","70.20","71.80","69.98","855.94K","-0.03%"
"2018年9月20日","70.80","71.39","71.81","70.73","28.40K","-0.45%"
"2018年9月19日","71.12","69.71","71.50","69.65","125.21K","1.82%"
"2018年9月18日","69.85","68.80","70.42","68.53","234.20K","1.36%"
"2018年9月17日","68.91","68.93","69.72","68.53","422.29K","-0.12%"
"2018年9月14日","68.99","68.79","69.91","67.94","611.08K","0.58%"
"2018年9月13日","68.59","70.24","70.28","68.35","684.94K","-2.53%"
"2018年9月12日","70.37","69.89","71.26","69.50","800.54K","1.62%"
"2018年9月11日","69.25","67.53","70.01","67.48","676.87K","2.53%"
"2018年9月10日","67.54","67.82","68.52","67.33","571.17K","-0.31%"
"2018年9月7日","67.75","67.88","68.08","66.86","530.90K","-0.03%"
"2018年9月6日","67.77","68.64","69.02","67.00","633.82K","-1.38%"
"2018年9月5日","68.72","69.43","69.59","68.56","542.10K","-1.65%"
"2018年9月4日","69.87","69.89","71.40","69.08","785.98K","-0.36%"
"2018年9月3日","70.12","69.91","70.20","69.54","-","0.29%"
"2018年9月2日","69.92","69.91","69.99","69.88","-","0.17%"
"2018年8月31日","69.80","70.06","70.36","69.64","419.74K","-0.64%"
"2018年8月30日","70.25","69.71","70.50","69.55","445.58K","1.06%"
"2018年8月29日","69.51","68.54","69.76","68.37","497.10K","1.43%"
"2018年8月28日","68.53","68.93","69.20","68.21","426.83K","-0.49%"
"2018年8月27日","68.87","68.57","68.97","68.34","332.61K","0.22%"
"2018年8月24日","68.72","67.90","69.31","67.78","517.80K","1.31%"
"2018年8月23日","67.83","68.07","68.12","67.32","450.69K","-0.04%"
"2018年8月22日","67.86","66.08","68.15","65.98","581.90K","0.76%"
"2018年8月21日","67.35","66.62","68.10","66.52","27.15K","1.38%"
"2018年8月20日","66.43","65.91","66.68","65.59","112.71K","0.79%"
"2018年8月17日","65.91","65.47","66.39","65.30","171.40K","0.69%"
"2018年8月16日","65.46","64.95","65.52","64.43","383.38K","0.69%"
"2018年8月15日","65.01","66.62","66.90","64.51","573.47K","-3.03%"
"2018年8月14日","67.04","67.42","68.37","66.58","538.48K","-0.24%"
"2018年8月13日","67.20","67.78","67.95","65.71","578.22K","-0.64%"
"2018年8月10日","67.63","66.74","67.87","66.14","524.49K","1.23%"
"2018年8月9日","66.81","66.79","67.41","66.49","509.40K","-0.19%"
"2018年8月8日","66.94","69.09","69.37","66.32","760.31K","-3.22%"
"2018年8月7日","69.17","68.90","69.83","68.81","485.03K","0.23%"
"2018年8月6日","69.01","68.65","69.92","68.50","495.61K","0.76%"
"2018年8月3日","68.49","68.99","69.24","67.87","476.62K","-0.68%"
"2018年8月2日","68.96","67.86","69.36","66.92","531.07K","1.92%"
"2018年8月1日","67.66","68.43","68.52","67.31","576.56K","-1.60%"
"2018年7月31日","68.76","70.05","70.22","67.98","519.07K","-1.95%"
"2018年7月30日","70.13","69.01","70.43","68.80","463.01K","2.10%"
"2018年7月27日","68.69","69.58","69.77","68.26","460.45K","-1.32%"
"2018年7月26日","69.61","69.38","69.92","68.92","489.06K","0.45%"
"2018年7月25日","69.30","68.77","69.70","68.20","622.91K","1.14%"
"2018年7月24日","68.52","67.80","69.05","67.56","524.59K","0.93%"
"2018年7月23日","67.89","68.17","69.31","67.60","555.92K","-3.65%"
"2018年7月20日","70.46","69.39","71.10","69.37","25.56K","1.44%"
"2018年7月19日","69.46","69.00","70.17","67.80","103.22K","1.02%"
"2018年7月18日","68.76","67.61","69.06","67.04","187.31K","1.00%"
"2018年7月17日","68.08","68.03","68.44","67.03","440.73K","0.03%"
"2018年7月16日","68.06","70.52","70.87","67.58","530.48K","-4.15%"
"2018年7月13日","71.01","70.38","71.66","69.84","530.28K","0.97%"
"2018年7月12日","70.33","70.60","71.24","69.23","707.89K","-0.07%"
"2018年7月11日","70.38","74.20","74.26","70.02","861.73K","-5.03%"
"2018年7月10日","74.11","74.04","74.70","73.65","586.83K","0.35%"
"2018年7月9日","73.85","73.87","74.28","72.99","533.00K","0.07%"
"2018年7月6日","73.80","73.16","74.01","72.14","611.42K","1.18%"
"2018年7月5日","72.94","74.23","74.90","72.53","841.63K","-1.61%"
"2018年7月4日","74.13","74.62","74.76","73.52","-","-0.01%"
"2018年7月3日","74.14","74.08","75.27","72.73","667.24K","0.27%"
"2018年7月2日","73.94","73.62","74.35","72.51","652.17K","-0.28%"
"2018年6月29日","74.15","73.33","74.46","72.93","602.40K","0.95%"
"2018年6月28日","73.45","72.27","74.03","72.20","717.35K","0.95%"
"2018年6月27日","72.76","70.68","73.06","70.56","775.16K","3.16%"
"2018年6月26日","70.53","68.21","70.91","67.72","848.54K","3.60%"
"2018年6月25日","68.08","68.75","69.44","67.78","816.21K","-0.73%"
"2018年6月22日","68.58","65.93","69.38","65.71","1.14M","4.64%"
"2018年6月21日","65.54","65.34","66.22","64.34","760.72K","-1.03%"
"2018年6月20日","66.22","65.11","66.53","65.01","30.65K","1.77%"
"2018年6月19日","65.07","65.82","65.90","64.39","122.65K","-1.18%"
"2018年6月18日","65.85","64.40","65.98","63.59","218.93K","1.21%"
"2018年6月15日","65.06","67.00","67.09","64.29","512.59K","-2.74%"
"2018年6月14日","66.89","66.62","67.16","66.36","460.17K","0.38%"
"2018年6月13日","66.64","66.01","66.89","65.52","626.40K","0.42%"
"2018年6月12日","66.36","66.05","66.70","65.87","524.41K","0.39%"
"2018年6月11日","66.10","65.56","66.35","64.85","558.28K","0.55%"
"2018年6月8日","65.74","65.98","66.24","65.15","571.22K","-0.32%"
"2018年6月7日","65.95","65.07","66.07","64.81","675.04K","1.88%"
"2018年6月6日","64.73","65.51","65.96","64.27","708.83K","-1.21%"
"2018年6月5日","65.52","64.94","65.57","64.22","714.67K","1.19%"
"2018年6月4日","64.75","65.71","66.04","64.57","696.05K","-1.61%"
"2018年6月1日","65.81","67.07","67.34","65.51","781.10K","-1.83%"
"2018年5月31日","67.04","68.24","68.30","66.56","917.56K","-1.72%"
"2018年5月30日","68.21","66.85","68.67","66.35","726.89K","2.22%"
"2018年5月29日","66.73","67.55","67.55","65.80","1.06M","-0.48%"
"2018年5月28日","67.05","67.39","67.41","65.81","-","-0.46%"
"2018年5月27日","67.36","67.44","67.48","67.02","-","-0.77%"
"2018年5月25日","67.88","70.65","70.80","67.42","955.35K","-4.00%"
"2018年5月24日","70.71","71.83","72.00","70.52","640.73K","-1.57%"
"2018年5月23日","71.84","72.11","72.26","71.19","702.79K","-0.40%"
"2018年5月22日","72.13","72.53","72.83","71.90","31.97K","-0.15%"
"2018年5月21日","72.24","71.47","72.59","71.25","119.89K","1.35%"
"2018年5月18日","71.28","71.60","71.75","70.99","211.79K","-0.29%"
"2018年5月17日","71.49","71.56","72.30","71.09","562.64K","0.00%"
"2018年5月16日","71.49","71.02","71.59","70.66","574.28K","0.25%"
"2018年5月15日","71.31","71.15","71.92","70.42","815.29K","0.49%"
"2018年5月14日","70.96","70.54","71.26","70.26","592.83K","0.37%"
"2018年5月11日","70.70","71.45","71.63","70.45","634.15K","-0.92%"
"2018年5月10日","71.36","71.23","71.89","70.56","749.81K","0.31%"
"2018年5月9日","71.14","70.05","71.36","69.85","863.39K","3.01%"
"2018年5月8日","69.06","70.03","70.40","67.63","1.25M","-2.36%"
"2018年5月7日","70.73","69.85","70.84","69.51","758.92K","1.45%"
"2018年5月4日","69.72","68.50","69.97","68.12","690.88K","1.89%"
"2018年5月3日","68.43","67.68","68.60","67.21","691.22K","0.74%"
"2018年5月2日","67.93","67.49","68.14","66.92","789.37K","1.01%"
"2018年5月1日","67.25","68.56","68.90","66.85","694.77K","-1.93%"
"2018年4月30日","68.57","68.15","69.34","67.17","755.19K","0.69%"
"2018年4月27日","68.10","68.21","68.36","67.64","542.55K","-0.13%"
"2018年4月26日","68.19","68.03","68.78","67.71","660.55K","0.21%"
"2018年4月25日","68.05","67.75","68.18","67.11","764.05K","0.52%"
"2018年4月24日","67.70","68.95","69.38","67.54","832.30K","-1.37%"
"2018年4月23日","68.64","68.22","69.03","67.14","740.94K","0.38%"
"2018年4月20日","68.38","68.26","68.62","67.50","32.95K","0.13%"
"2018年4月19日","68.29","68.75","69.56","67.98","125.99K","-0.26%"
"2018年4月18日","68.47","66.68","68.91","66.56","221.66K","2.93%"
"2018年4月17日","66.52","66.42","66.75","65.56","486.08K","0.45%"
"2018年4月16日","66.22","67.24","67.74","66.13","560.08K","-1.74%"
"2018年4月13日","67.39","67.18","67.76","66.70","624.20K","0.48%"
"2018年4月12日","67.07","66.75","67.33","66.00","687.47K","0.37%"
"2018年4月11日","66.82","65.59","67.45","65.15","963.02K","2.00%"
"2018年4月10日","65.51","63.30","65.86","63.20","840.28K","3.30%"
"2018年4月9日","63.42","62.00","63.61","61.93","655.83K","2.19%"
"2018年4月6日","62.06","63.70","63.79","61.81","753.26K","-2.33%"
"2018年4月5日","63.54","63.60","64.12","63.07","588.60K","0.27%"
"2018年4月4日","63.37","63.59","63.64","62.06","760.60K","-0.22%"
"2018年4月3日","63.51","62.89","63.86","62.86","527.29K","0.79%"
"2018年4月2日","63.01","64.91","65.42","62.80","582.74K","-2.97%"
"2018年3月29日","64.94","64.69","65.26","64.16","562.82K","0.87%"
"2018年3月28日","64.38","64.70","65.13","63.72","697.68K","-1.33%"
"2018年3月27日","65.25","65.53","66.41","64.53","670.81K","-0.46%"
"2018年3月26日","65.55","65.90","66.55","65.08","585.90K","-0.50%"
"2018年3月23日","65.88","64.28","66.00","64.11","752.99K","2.46%"
"2018年3月22日","64.30","65.50","65.74","64.14","689.17K","-1.33%"
"2018年3月21日","65.17","63.72","65.55","63.58","763.77K","2.79%"
"2018年3月20日","63.40","62.10","63.81","62.08","36.06K","2.16%"
"2018年3月19日","62.06","62.23","62.35","61.36","115.96K","-0.45%"
"2018年3月16日","62.34","61.19","62.54","61.08","202.49K","1.88%"
"2018年3月15日","61.19","60.95","61.54","60.82","430.20K","0.38%"
"2018年3月14日","60.96","60.87","61.33","60.11","665.02K","0.41%"
"2018年3月13日","60.71","61.37","61.97","60.27","747.74K","-1.06%"
"2018年3月12日","61.36","62.10","62.33","60.67","537.99K","-1.10%"
"2018年3月9日","62.04","60.27","62.18","60.14","659.72K","3.19%"
"2018年3月8日","60.12","61.33","61.40","59.95","720.51K","-1.68%"
"2018年3月7日","61.15","62.30","62.58","60.58","879.12K","-2.32%"
"2018年3月6日","62.60","62.58","63.28","62.17","634.95K","0.05%"
"2018年3月5日","62.57","61.55","62.79","61.10","599.27K","2.16%"
"2018年3月2日","61.25","61.34","61.60","60.13","613.51K","0.43%"
"2018年3月1日","60.99","61.55","61.83","60.18","812.51K","-1.05%"
"2018年2月28日","61.64","62.79","63.44","61.36","768.41K","-2.17%"
"2018年2月27日","63.01","64.06","64.08","62.64","562.67K","-1.41%"
"2018年2月26日","63.91","63.60","64.24","63.06","469.85K","0.57%"
"2018年2月23日","63.55","62.60","63.73","62.33","460.60K","1.24%"
"2018年2月22日","62.77","61.34","63.09","60.75","592.60K","1.77%"
"2018年2月21日","61.68","61.63","61.86","60.92","466.92K","-0.36%"
"2018年2月20日","61.90","61.63","62.74","61.58","50.21K","-0.77%"
"2018年2月19日","62.38","61.71","62.49","61.67","-","1.07%"
"2018年2月18日","61.72","61.51","61.74","61.51","-","0.06%"
"2018年2月16日","61.68","61.45","61.99","60.88","181.18K","0.55%"
"2018年2月15日","61.34","60.71","61.64","59.72","340.40K","1.22%"
"2018年2月14日","60.60","58.98","60.90","58.20","650.32K","2.38%"
"2018年2月13日","59.19","59.35","59.73","58.39","580.60K","-0.17%"
"2018年2月12日","59.29","59.12","60.83","59.10","736.92K","0.15%"
"2018年2月9日","59.20","60.43","60.77","58.07","933.31K","-3.19%"
"2018年2月8日","61.15","61.70","62.09","60.27","929.58K","-1.04%"
"2018年2月7日","61.79","63.92","64.18","61.25","1.03M","-2.52%"
"2018年2月6日","63.39","63.43","64.29","63.12","797.81K","-1.18%"
"2018年2月5日","64.15","65.10","65.40","63.42","891.06K","-1.99%"
"2018年2月2日","65.45","65.99","66.30","64.47","857.57K","-0.53%"
"2018年2月1日","65.80","64.76","66.25","64.63","685.75K","1.65%"
"2018年1月31日","64.73","64.03","64.94","63.67","613.26K","0.36%"
"2018年1月30日","64.50","65.53","65.56","63.89","688.38K","-1.62%"
"2018年1月29日","65.56","66.18","66.46","64.98","656.17K","-0.88%"
"2018年1月26日","66.14","65.25","66.35","64.91","678.19K","0.96%"
"2018年1月25日","65.51","65.88","66.66","65.08","771.76K","-0.15%"
"2018年1月24日","65.61","64.42","66.05","64.34","887.02K","1.77%"
"2018年1月23日","64.47","63.88","64.88","63.70","662.46K","1.54%"
"2018年1月22日","63.49","63.61","64.14","63.17","40.06K","0.19%"
"2018年1月19日","63.37","63.74","63.77","62.85","142.71K","-0.91%"
"2018年1月18日","63.95","64.07","64.35","63.47","204.50K","-0.03%"
"2018年1月17日","63.97","63.89","64.17","63.31","444.38K","0.38%"
"2018年1月16日","63.73","64.43","64.89","63.39","867.77K","-1.54%"
"2018年1月15日","64.73","64.28","64.89","64.11","-","0.70%"
"2018年1月14日","64.28","64.42","64.44","64.19","-","-0.03%"
"2018年1月12日","64.30","63.57","64.50","63.06","678.73K","0.78%"
"2018年1月11日","63.80","63.50","64.77","63.43","876.64K","0.36%"
"2018年1月10日","63.57","63.41","63.67","63.09","697.84K","0.97%"
"2018年1月9日","62.96","61.92","63.48","61.80","844.72K","1.99%"
"2018年1月8日","61.73","61.61","61.97","61.34","616.47K","0.47%"
"2018年1月5日","61.44","61.90","62.04","61.09","563.04K","-0.92%"
"2018年1月4日","62.01","61.96","62.21","61.59","654.36K","0.62%"
"2018年1月3日","61.63","60.39","61.97","60.28","673.86K","2.09%"
"2018年1月2日","60.37","60.20","60.74","60.10","510.31K","0.22%"
"2018年1月1日","60.24","60.26","60.28","60.15","-","-0.30%"
"2017年12月29日","60.42","59.91","60.51","59.82","464.48K","0.97%"
"2017年12月28日","59.84","59.53","59.94","59.44","345.96K","0.34%"
"2017年12月27日","59.64","59.79","59.93","59.33","402.40K","-0.55%"
"2017年12月26日","59.97","58.40","60.01","58.32","437.79K","2.36%"
"2017年12月25日","58.59","58.41","58.62","58.38","-","0.21%"
"2017年12月22日","58.47","58.21","58.50","57.87","324.55K","0.19%"
"2017年12月21日","58.36","58.02","58.38","57.63","405.32K","0.46%"
"2017年12月20日","58.09","57.66","58.12","57.44","420.84K","1.10%"
"2017年12月19日","57.46","57.30","57.64","57.16","36.29K","0.52%"
"2017年12月18日","57.16","57.37","57.78","56.82","137.15K","-0.24%"
"2017年12月15日","57.30","57.15","57.49","56.94","210.05K","0.46%"
"2017年12月14日","57.04","56.70","57.22","56.09","580.57K","0.78%"
"2017年12月13日","56.60","57.45","57.83","56.55","658.14K","-0.95%"
"2017年12月12日","57.14","58.02","58.56","56.85","826.49K","-1.47%"
"2017年12月11日","57.99","57.25","58.08","56.91","606.72K","1.10%"
"2017年12月8日","57.36","56.65","57.79","56.54","681.60K","1.18%"
"2017年12月7日","56.69","56.00","56.78","55.82","557.33K","1.30%"
"2017年12月6日","55.96","57.45","57.57","55.87","678.99K","-2.88%"
"2017年12月5日","57.62","57.48","57.92","57.08","499.25K","0.26%"
"2017年12月4日","57.47","58.32","58.34","57.35","529.97K","-1.53%"
"2017年12月1日","58.36","57.42","58.88","57.29","685.22K","1.67%"
"2017年11月30日","57.40","57.41","57.98","56.82","735.13K","0.17%"
"2017年11月29日","57.30","57.73","58.30","56.75","741.56K","-1.19%"
"2017年11月28日","57.99","57.86","58.11","57.42","546.53K","-0.21%"
"2017年11月27日","58.11","58.95","58.99","57.55","690.08K","-1.42%"
"2017年11月24日","58.95","58.05","59.05","57.75","577.83K","0.98%"
"2017年11月23日","58.38","57.97","58.58","57.76","-","0.62%"
"2017年11月22日","58.02","57.12","58.15","57.03","837.41K","2.09%"
"2017年11月21日","56.83","56.38","57.22","56.32","619.07K","1.32%"
"2017年11月20日","56.09","56.69","56.76","55.57","37.70K","-0.81%"
"2017年11月17日","56.55","55.25","56.68","55.18","184.94K","2.56%"
"2017年11月16日","55.14","55.30","55.62","54.93","213.92K","-0.34%"
"2017年11月15日","55.33","55.06","55.56","54.88","501.39K","-0.66%"
"2017年11月14日","55.70","56.72","56.77","54.81","707.34K","-1.87%"
"2017年11月13日","56.76","56.90","57.15","56.30","631.62K","0.04%"
"2017年11月10日","56.74","57.02","57.35","56.55","541.30K","-0.75%"
"2017年11月9日","57.17","56.85","57.53","56.69","666.95K","0.63%"
"2017年11月8日","56.81","56.96","57.92","56.41","919.15K","-0.68%"
"2017年11月7日","57.20","57.27","57.69","56.83","750.19K","-0.26%"
"2017年11月6日","57.35","55.97","57.61","55.66","861.71K","3.07%"
"2017年11月3日","55.64","54.73","55.76","54.40","614.16K","2.02%"
"2017年11月2日","54.54","54.28","54.84","53.99","482.85K","0.44%"
"2017年11月1日","54.30","54.65","55.22","53.89","671.04K","-0.15%"
"2017年10月31日","54.38","54.08","54.85","53.93","497.30K","0.42%"
"2017年10月30日","54.15","54.16","54.46","53.75","565.04K","0.46%"
"2017年10月27日","53.90","52.80","54.20","52.25","730.92K","2.39%"
"2017年10月26日","52.64","52.19","52.86","51.91","594.65K","0.88%"
"2017年10月25日","52.18","52.56","52.57","51.89","681.74K","-0.55%"
"2017年10月24日","52.47","51.89","52.62","51.55","709.55K","1.10%"
"2017年10月23日","51.90","52.07","52.30","51.68","583.56K","0.84%"
"2017年10月20日","51.47","51.42","51.73","50.70","32.96K","0.35%"
"2017年10月19日","51.29","52.05","52.17","51.07","127.41K","-1.44%"
"2017年10月18日","52.04","51.94","52.33","51.69","152.62K","0.31%"
"2017年10月17日","51.88","51.93","52.25","51.21","471.61K","0.02%"
"2017年10月16日","51.87","51.43","52.37","51.35","520.73K","0.82%"
"2017年10月13日","51.45","50.73","51.72","50.70","667.50K","1.68%"
"2017年10月12日","50.60","51.00","51.13","50.15","729.27K","-1.36%"
"2017年10月11日","51.30","50.94","51.42","50.61","651.95K","0.75%"
"2017年10月10日","50.92","49.55","51.06","49.54","664.84K","2.70%"
"2017年10月9日","49.58","49.25","49.79","49.13","505.08K","0.59%"
"2017年10月6日","49.29","50.75","50.82","49.10","743.11K","-2.95%"
"2017年10月5日","50.79","49.88","51.22","49.85","654.39K","1.62%"
"2017年10月4日","49.98","50.16","50.67","49.76","598.84K","-0.87%"
"2017年10月3日","50.42","50.59","50.73","50.14","462.74K","-0.32%"
"2017年10月2日","50.58","51.64","51.71","50.07","600.93K","-2.11%"
"2017年9月29日","51.67","51.58","51.77","51.25","551.98K","0.21%"
"2017年9月28日","51.56","52.05","52.86","51.22","801.82K","-1.11%"
"2017年9月27日","52.14","52.09","52.34","51.63","637.04K","0.50%"
"2017年9月26日","51.88","52.12","52.43","51.43","709.52K","-0.65%"
"2017年9月25日","52.22","50.68","52.28","50.39","701.24K","3.08%"
"2017年9月22日","50.66","50.73","50.78","50.29","473.80K","0.22%"
"2017年9月21日","50.55","50.72","50.81","50.07","580.57K","0.28%"
"2017年9月20日","50.41","49.84","50.65","49.75","35.49K","1.88%"
"2017年9月19日","49.48","49.91","50.42","49.33","143.38K","-0.86%"
"2017年9月18日","49.91","49.85","50.33","49.19","189.61K","0.04%"
"2017年9月15日","49.89","49.72","50.13","49.41","433.60K","0.00%"
"2017年9月14日","49.89","49.31","50.50","49.15","709.04K","1.20%"
"2017年9月13日","49.30","48.34","49.40","48.12","706.93K","2.22%"
"2017年9月12日","48.23","48.12","48.44","47.73","676.04K","0.33%"
"2017年9月11日","48.07","47.58","48.27","47.00","774.47K","1.24%"
"2017年9月8日","47.48","49.09","49.26","47.27","843.76K","-3.28%"
"2017年9月7日","49.09","49.14","49.33","48.63","702.51K","-0.14%"
"2017年9月6日","49.16","48.59","49.42","48.52","788.96K","1.03%"
"2017年9月5日","48.66","47.28","48.98","47.15","1.03M","2.64%"
"2017年9月4日","47.41","47.31","47.66","47.16","-","0.19%"
"2017年9月3日","47.32","47.31","47.42","47.30","-","0.06%"
"2017年9月1日","47.29","47.08","47.35","46.56","742.81K","0.13%"
"2017年8月31日","47.23","45.95","47.47","45.58","915.71K","2.76%"
"2017年8月30日","45.96","46.31","46.72","45.84","882.98K","-1.03%"
"2017年8月29日","46.44","46.86","46.96","45.76","895.64K","-0.28%"
"2017年8月28日","46.57","47.89","48.20","46.15","921.29K","-2.72%"
"2017年8月25日","47.87","47.62","47.91","47.39","646.52K","0.93%"
"2017年8月24日","47.43","48.36","48.43","47.06","831.36K","-2.02%"
"2017年8月23日","48.41","47.64","48.50","47.53","701.69K","1.62%"
"2017年8月22日","47.64","47.45","48.03","47.20","38.40K","0.57%"
"2017年8月21日","47.37","48.72","48.75","47.03","129.19K","-2.35%"
"2017年8月18日","48.51","46.93","48.74","46.78","253.07K","3.02%"
"2017年8月17日","47.09","46.80","47.19","46.46","608.31K","0.66%"
"2017年8月16日","46.78","47.72","47.99","46.67","815.54K","-1.62%"
"2017年8月15日","47.55","47.49","47.90","47.02","770.36K","-0.08%"
"2017年8月14日","47.59","48.79","49.16","47.43","763.24K","-2.52%"
"2017年8月11日","48.82","48.52","48.98","47.98","804.24K","0.47%"
"2017年8月10日","48.59","49.68","50.22","48.35","1.14M","-1.96%"
"2017年8月9日","49.56","49.00","49.72","48.90","858.25K","0.79%"
"2017年8月8日","49.17","49.31","49.79","48.86","924.24K","-0.45%"
"2017年8月7日","49.39","49.59","49.73","48.54","831.37K","-0.38%"
"2017年8月4日","49.58","48.95","49.64","48.50","745.66K","1.12%"
"2017年8月3日","49.03","49.59","49.96","48.78","837.76K","-1.13%"
"2017年8月2日","49.59","48.80","49.65","48.55","847.72K","0.87%"
"2017年8月1日","49.16","50.21","50.43","48.37","1.01M","-2.01%"
"2017年7月31日","50.17","49.85","50.41","49.18","781.54K","0.93%"
"2017年7月28日","49.71","49.17","49.81","48.86","771.23K","1.37%"
"2017年7月27日","49.04","48.70","49.24","48.25","880.76K","0.59%"
"2017年7月26日","48.75","48.51","48.87","47.86","887.86K","1.80%"
"2017年7月25日","47.89","46.46","48.66","46.38","885.70K","3.34%"
"2017年7月24日","46.34","45.62","46.53","45.40","707.91K","1.25%"
"2017年7月21日","45.77","46.91","47.21","45.54","769.44K","-2.18%"
"2017年7月20日","46.79","47.09","47.55","46.66","23.24K","-0.70%"
"2017年7月19日","47.12","46.25","47.26","46.14","140.68K","1.55%"
"2017年7月18日","46.40","45.99","46.92","45.81","208.42K","0.83%"
"2017年7月17日","46.02","46.68","46.88","45.89","560.63K","-1.12%"
"2017年7月14日","46.54","46.08","46.74","45.80","742.90K","1.00%"
"2017年7月13日","46.08","45.44","46.28","44.99","748.97K","1.30%"
"2017年7月12日","45.49","45.74","46.48","45.11","963.51K","1.00%"
"2017年7月11日","45.04","44.58","45.81","43.83","1.01M","1.44%"
"2017年7月10日","44.40","44.35","44.84","43.65","848.57K","0.38%"
"2017年7月7日","44.23","45.35","45.42","43.78","975.91K","-2.83%"
"2017年7月6日","45.52","45.65","46.53","45.18","969.68K","0.86%"
"2017年7月5日","45.13","47.04","47.32","44.51","1.17M","-4.24%"
"2017年7月4日","47.13","47.06","47.31","46.74","-","0.13%"
"2017年7月3日","47.07","46.28","47.10","45.92","517.62K","2.24%"
"2017年6月30日","46.04","44.89","46.35","44.88","677.41K","2.47%"
"2017年6月29日","44.93","44.89","45.45","44.65","768.95K","0.42%"
"2017年6月28日","44.74","43.70","44.90","43.67","753.38K","1.13%"
"2017年6月27日","44.24","43.49","44.44","43.32","759.12K","1.98%"
"2017年6月26日","43.38","43.16","43.65","42.63","661.35K","0.86%"
"2017年6月23日","43.01","42.80","43.20","42.53","690.91K","0.63%"
"2017年6月22日","42.74","42.55","43.32","42.26","668.83K","0.49%"
"2017年6月21日","42.53","43.38","44.20","42.05","1.07M","-1.62%"
"2017年6月20日","43.23","44.11","44.40","42.75","29.57K","-2.19%"
"2017年6月19日","44.20","44.68","45.06","44.05","123.94K","-1.21%"
"2017年6月16日","44.74","44.25","44.94","44.24","191.82K","0.63%"
"2017年6月15日","44.46","44.69","44.81","44.22","500.94K","-0.60%"
"2017年6月14日","44.73","45.94","46.49","44.54","924.41K","-3.72%"
"2017年6月13日","46.46","46.01","46.57","45.56","783.32K","0.82%"
"2017年6月12日","46.08","45.80","46.71","45.66","666.77K","0.55%"
"2017年6月9日","45.83","45.71","46.18","45.27","735.93K","0.42%"
"2017年6月8日","45.64","45.85","46.18","45.20","927.70K","-0.17%"
"2017年6月7日","45.72","47.98","48.23","45.65","1.18M","-5.13%"
"2017年6月6日","48.19","47.40","48.40","46.94","825.06K","1.67%"
"2017年6月5日","47.40","47.71","48.42","46.86","710.20K","-0.55%"
"2017年6月2日","47.66","48.04","48.19","46.74","802.66K","-1.45%"
"2017年6月1日","48.36","48.63","49.17","47.90","774.48K","0.08%"
"2017年5月31日","48.32","49.65","49.71","47.73","779.14K","-2.70%"
"2017年5月30日","49.66","49.93","50.28","49.03","663.49K","-0.62%"
"2017年5月29日","49.97","49.95","50.29","49.52","-","0.06%"
"2017年5月28日","49.94","49.93","50.04","49.85","-","0.28%"
"2017年5月26日","49.80","48.75","49.94","48.18","763.92K","1.84%"
"2017年5月25日","48.90","51.25","52.00","48.45","1.15M","-4.79%"
"2017年5月24日","51.36","51.44","51.88","51.03","736.34K","-0.21%"
"2017年5月23日","51.47","51.04","51.79","50.57","584.14K","1.46%"
"2017年5月22日","50.73","50.60","51.06","50.44","30.01K","0.79%"
"2017年5月19日","50.33","49.28","50.53","49.28","146.45K","1.99%"
"2017年5月18日","49.35","48.93","49.60","48.05","242.75K","0.57%"
"2017年5月17日","49.07","48.23","49.50","48.03","650.11K","0.84%"
"2017年5月16日","48.66","48.82","49.38","48.17","589.21K","-0.39%"
"2017年5月15日","48.85","47.85","49.66","47.75","687.15K","2.11%"
"2017年5月12日","47.84","47.81","48.07","47.35","537.49K","0.02%"
"2017年5月11日","47.83","47.39","48.22","47.34","661.78K","1.06%"
"2017年5月10日","47.33","46.18","47.78","46.01","819.80K","3.16%"
"2017年5月9日","45.88","46.49","46.78","45.53","701.94K","-1.18%"
"2017年5月8日","46.43","46.35","46.98","45.73","785.06K","0.45%"
"2017年5月5日","46.22","45.51","46.68","43.76","1.02M","1.54%"
"2017年5月4日","45.52","47.60","47.75","45.29","943.96K","-4.81%"
"2017年5月3日","47.82","48.12","48.23","47.30","691.32K","0.34%"
"2017年5月2日","47.66","48.78","49.28","47.35","702.38K","-2.42%"
"2017年5月1日","48.84","49.17","49.32","48.59","364.39K","-0.99%"
"2017年4月28日","49.33","49.27","49.76","48.80","633.99K","0.74%"
"2017年4月27日","48.97","49.22","49.43","48.20","771.19K","-1.31%"
"2017年4月26日","49.62","49.36","50.20","48.94","655.72K","0.12%"
"2017年4月25日","49.56","49.22","49.83","48.87","587.24K","0.67%"
"2017年4月24日","49.23","49.68","50.22","49.03","517.90K","-0.79%"
"2017年4月21日","49.62","50.71","50.93","49.20","687.47K","-1.29%"
"2017年4月20日","50.27","50.63","50.97","50.18","33.75K","-0.34%"
"2017年4月19日","50.44","52.36","52.65","50.09","133.17K","-3.76%"
"2017年4月18日","52.41","52.75","52.85","52.10","202.04K","-0.46%"
"2017年4月17日","52.65","52.97","53.21","52.55","326.34K","-1.00%"
"2017年4月13日","53.18","52.85","53.39","52.82","480.84K","0.13%"
"2017年4月12日","53.11","53.40","53.76","52.71","629.81K","-0.54%"
"2017年4月11日","53.40","53.13","53.45","52.70","598.00K","0.60%"
"2017年4月10日","53.08","52.31","53.18","52.29","565.44K","1.61%"
"2017年4月7日","52.24","51.70","52.94","51.49","796.44K","1.04%"
"2017年4月6日","51.70","50.80","51.82","50.77","473.02K","1.08%"
"2017年4月5日","51.15","51.18","51.88","50.74","651.40K","0.24%"
"2017年4月4日","51.03","50.24","51.30","49.88","532.05K","1.57%"
"2017年4月3日","50.24","50.69","50.83","50.12","440.72K","-0.71%"
"2017年3月31日","50.60","50.32","50.85","49.90","527.61K","0.50%"
"2017年3月30日","50.35","49.60","50.47","49.27","580.67K","1.70%"
"2017年3月29日","49.51","48.47","49.63","48.38","548.62K","2.36%"
"2017年3月28日","48.37","47.89","48.74","47.80","502.38K","1.34%"
"2017年3月27日","47.73","48.12","48.28","47.08","466.18K","-0.50%"
"2017年3月24日","47.97","47.67","48.20","47.54","421.03K","0.57%"
"2017年3月23日","47.70","48.15","48.48","47.58","499.88K","-0.71%"
"2017年3月22日","48.04","48.16","48.32","47.01","680.85K","1.48%"
"2017年3月21日","47.34","47.93","48.73","47.23","28.08K","-1.82%"
"2017年3月20日","48.22","48.70","48.74","47.84","142.26K","-1.15%"
"2017年3月17日","48.78","48.79","49.20","48.60","172.34K","0.06%"
"2017年3月16日","48.75","49.01","49.62","48.45","516.85K","-0.23%"
"2017年3月15日","48.86","48.76","49.04","48.16","655.79K","2.39%"
"2017年3月14日","47.72","48.45","48.79","47.09","857.71K","-1.40%"
"2017年3月13日","48.40","48.45","48.68","47.90","601.36K","-0.19%"
"2017年3月10日","48.49","49.61","50.11","48.31","796.96K","-1.60%"
"2017年3月9日","49.28","50.22","50.84","48.59","1.07M","-1.99%"
"2017年3月8日","50.28","52.79","52.92","50.05","963.39K","-5.38%"
"2017年3月7日","53.14","53.17","53.80","52.71","494.68K","-0.11%"
"2017年3月6日","53.20","53.19","53.56","52.76","503.69K","-0.24%"
"2017年3月3日","53.33","52.58","53.39","52.55","436.36K","1.37%"
"2017年3月2日","52.61","53.69","53.80","52.54","638.39K","-2.27%"
"2017年3月1日","53.83","53.95","54.44","53.63","491.29K","-0.33%"
"2017年2月28日","54.01","54.04","54.23","53.18","593.91K","-0.07%"
"2017年2月27日","54.05","54.02","54.61","53.94","394.38K","0.11%"
"2017年2月24日","53.99","54.33","54.51","53.76","395.26K","-0.84%"
"2017年2月23日","54.45","53.91","54.94","53.87","529.88K","1.60%"
"2017年2月22日","53.59","54.26","54.60","53.35","499.48K","-0.87%"
"2017年2月21日","54.06","53.48","54.68","53.35","44.05K","0.17%"
"2017年2月20日","53.97","53.78","54.24","53.73","-","0.33%"
"2017年2月19日","53.79","53.86","53.96","53.78","-","0.73%"
"2017年2月17日","53.40","53.47","53.52","52.88","195.35K","0.07%"
"2017年2月16日","53.36","53.01","53.59","52.68","343.36K","0.47%"
"2017年2月15日","53.11","53.00","53.51","52.73","463.64K","-0.17%"
"2017年2月14日","53.20","52.91","53.72","52.86","493.02K","0.51%"
"2017年2月13日","52.93","53.80","53.95","52.77","586.03K","-1.73%"
"2017年2月10日","53.86","53.15","54.13","52.90","596.45K","1.62%"
"2017年2月9日","53.00","52.37","53.21","52.37","610.20K","1.26%"
"2017年2月8日","52.34","51.64","52.67","51.22","767.38K","0.33%"
"2017年2月7日","52.17","53.14","53.24","51.63","624.06K","-1.58%"
"2017年2月6日","53.01","53.81","54.13","52.91","425.09K","-1.52%"
"2017年2月3日","53.83","53.68","54.22","53.40","462.62K","0.54%"
"2017年2月2日","53.54","53.57","54.34","53.35","492.55K","-0.63%"
"2017年2月1日","53.88","52.76","53.91","52.64","577.24K","2.03%"
"2017年1月31日","52.81","52.60","53.56","52.24","586.68K","0.34%"
"2017年1月30日","52.63","53.15","53.46","52.41","486.31K","-1.02%"
"2017年1月27日","53.17","53.74","54.08","52.58","495.56K","-1.13%"
"2017年1月26日","53.78","52.96","54.06","52.79","578.07K","1.95%"
"2017年1月25日","52.75","52.95","53.47","52.56","589.71K","-0.81%"
"2017年1月24日","53.18","52.86","53.56","52.67","520.29K","0.82%"
"2017年1月23日","52.75","53.33","53.47","52.21","455.33K","0.63%"
"2017年1月20日","52.42","51.45","52.90","51.39","-","2.04%"
"2017年1月19日","51.37","51.39","51.87","51.02","122.59K","0.57%"
"2017年1月18日","51.08","52.52","52.79","50.91","236.24K","-2.67%"
"2017年1月17日","52.48","52.55","53.52","52.12","606.02K","-0.08%"
"2017年1月16日","52.52","52.46","52.72","52.13","-","0.13%"
"2017年1月15日","52.45","52.53","52.56","52.39","-","0.15%"
"2017年1月13日","52.37","53.05","53.17","52.27","477.99K","-1.21%"
"2017年1月12日","53.01","52.37","53.50","52.12","660.70K","1.45%"
"2017年1月11日","52.25","50.81","52.78","50.75","815.85K","2.81%"
"2017年1月10日","50.82","51.83","52.37","50.71","632.57K","-2.19%"
"2017年1月9日","51.96","53.75","53.83","51.76","564.89K","-3.76%"
"2017年1月6日","53.99","53.73","54.32","53.32","528.33K","0.43%"
"2017年1月5日","53.76","53.39","54.12","52.79","517.36K","0.94%"
"2017年1月4日","53.26","52.49","53.43","52.15","512.64K","1.78%"
"2017年1月3日","52.33","54.20","55.24","52.11","727.79K","-3.15%"
"2017年1月2日","54.03","54.09","54.18","54.01","-","0.58%"
"2016年12月30日","53.72","53.87","54.09","53.41","271.09K","-0.09%"
"2016年12月29日","53.77","53.66","54.21","53.46","360.19K","-0.54%"
"2016年12月28日","54.06","53.93","54.37","53.56","322.54K","0.30%"
"2016年12月27日","53.90","53.29","54.10","53.03","277.31K","1.33%"
"2016年12月26日","53.19","53.33","53.34","53.14","-","0.32%"
"2016年12月23日","53.02","52.68","53.28","52.26","285.17K","0.13%"
"2016年12月22日","52.95","52.52","53.19","52.08","393.49K","0.88%"
"2016年12月21日","52.49","53.56","53.79","52.32","471.99K","0.50%"
"2016年12月20日","52.23","52.11","52.70","51.85","26.17K","0.21%"
"2016年12月19日","52.12","52.15","52.52","51.51","129.99K","0.42%"
"2016年12月16日","51.90","51.10","52.08","50.50","252.57K","1.96%"
"2016年12月15日","50.90","50.79","51.48","49.95","551.76K","-0.27%"
"2016年12月14日","51.04","52.45","52.78","50.67","677.96K","-3.66%"
"2016年12月13日","52.98","52.51","53.41","52.35","638.40K","0.28%"
"2016年12月12日","52.83","52.58","54.51","52.18","847.03K","2.58%"
"2016年12月9日","51.50","50.92","51.66","50.86","652.04K","1.30%"
"2016年12月8日","50.84","49.88","50.98","49.61","780.06K","2.15%"
"2016年12月7日","49.77","50.93","51.20","49.72","816.88K","-2.28%"
"2016年12月6日","50.93","50.97","51.60","50.28","642.75K","-1.66%"
"2016年12月5日","51.79","51.46","52.42","50.93","600.78K","0.21%"
"2016年12月2日","51.68","51.01","51.73","50.18","667.10K","1.21%"
"2016年12月1日","51.06","49.07","51.80","48.98","974.81K","3.28%"
"2016年11月30日","49.44","45.24","49.90","45.22","1.31M","9.31%"
"2016年11月29日","45.23","46.88","46.98","44.82","732.82K","-3.93%"
"2016年11月28日","47.08","45.43","47.65","45.14","734.38K","2.21%"
"2016年11月25日","46.06","47.97","48.26","45.88","465.98K","-4.00%"
"2016年11月24日","47.98","48.03","48.26","47.80","-","0.04%"
"2016年11月23日","47.96","47.94","48.43","47.40","556.86K","-0.15%"
"2016年11月22日","48.03","48.37","49.20","47.17","826.21K","1.14%"
"2016年11月21日","47.49","45.83","47.80","45.77","34.92K","3.94%"
"2016年11月18日","45.69","44.93","45.77","44.55","155.65K","0.59%"
"2016年11月17日","45.42","45.37","46.58","44.88","284.87K","-0.33%"
"2016年11月16日","45.57","45.77","46.41","45.03","658.17K","-0.52%"
"2016年11月15日","45.81","43.76","46.09","43.55","706.18K","5.75%"
"2016年11月14日","43.32","43.20","43.81","42.20","704.77K","-0.21%"
"2016年11月11日","43.41","44.35","44.63","43.03","631.14K","-2.80%"
"2016年11月10日","44.66","45.31","45.64","44.25","686.34K","-1.35%"
"2016年11月9日","45.27","44.82","45.95","43.07","946.51K","0.64%"
"2016年11月8日","44.98","44.97","45.39","44.41","669.64K","0.20%"
"2016年11月7日","44.89","44.45","45.01","44.11","605.73K","1.86%"
"2016年11月4日","44.07","44.63","44.87","43.57","736.69K","-1.32%"
"2016年11月3日","44.66","45.48","45.90","44.37","540.44K","-1.50%"
"2016年11月2日","45.34","46.32","46.47","44.96","674.32K","-2.85%"
"2016年11月1日","46.67","46.77","47.35","46.20","834.99K","-0.41%"
"2016年10月31日","46.86","48.25","48.74","46.63","649.24K","-3.78%"
"2016年10月28日","48.70","49.61","49.81","48.42","550.08K","-2.05%"
"2016年10月27日","49.72","49.22","50.06","49.00","543.17K","1.10%"
"2016年10月26日","49.18","49.31","50.10","48.87","679.32K","-1.56%"
"2016年10月25日","49.96","50.49","50.93","49.27","553.78K","-1.11%"
"2016年10月24日","50.52","50.85","50.98","49.62","623.40K","-0.65%"
"2016年10月21日","50.85","50.66","51.02","50.21","551.30K","0.83%"
"2016年10月20日","50.43","51.40","51.58","50.25","24.86K","-2.27%"
"2016年10月19日","51.60","50.77","51.93","50.69","132.43K","2.60%"
"2016年10月18日","50.29","50.04","50.78","49.76","192.80K","0.70%"
"2016年10月17日","49.94","50.23","50.58","49.47","418.72K","-0.81%"
"2016年10月14日","50.35","50.58","51.14","49.90","519.43K","-0.18%"
"2016年10月13日","50.44","50.00","50.59","49.36","740.68K","0.52%"
"2016年10月12日","50.18","50.84","51.17","49.89","533.88K","-1.20%"
"2016年10月11日","50.79","51.10","51.54","50.39","765.61K","-1.09%"
"2016年10月10日","51.35","49.57","51.60","49.15","686.07K","3.09%"
"2016年10月7日","49.81","50.59","50.74","49.40","618.81K","-1.25%"
"2016年10月6日","50.44","49.65","50.63","49.33","547.92K","1.22%"
"2016年10月5日","49.83","49.26","49.97","49.10","520.07K","2.34%"
"2016年10月4日","48.69","48.65","49.26","48.26","513.71K","-0.25%"
"2016年10月3日","48.81","48.04","49.02","47.78","458.02K","1.18%"
"2016年9月30日","48.24","47.76","48.30","47.04","496.52K","0.86%"
"2016年9月29日","47.83","47.20","48.32","46.60","702.65K","1.66%"
"2016年9月28日","47.05","44.96","47.45","44.35","1.01M","5.33%"
"2016年9月27日","44.67","45.62","45.96","44.19","630.76K","-2.74%"
"2016年9月26日","45.93","44.62","46.20","44.43","527.12K","3.26%"
"2016年9月23日","44.48","46.07","46.55","44.22","718.40K","-3.97%"
"2016年9月22日","46.32","45.62","46.52","45.52","521.68K","2.16%"
"2016年9月21日","45.34","44.50","45.65","44.50","585.99K","4.37%"
"2016年9月20日","43.44","43.13","44.05","42.55","37.38K","0.32%"
"2016年9月19日","43.30","43.18","44.15","43.12","129.86K","0.63%"
"2016年9月16日","43.03","43.71","43.75","42.74","231.19K","-2.00%"
"2016年9月15日","43.91","43.70","44.34","43.26","537.19K","0.76%"
"2016年9月14日","43.58","45.00","45.33","43.42","705.86K","-2.94%"
"2016年9月13日","44.90","46.06","46.13","44.77","657.78K","-3.00%"
"2016年9月12日","46.29","45.57","46.51","44.72","745.02K","0.89%"
"2016年9月9日","45.88","47.36","47.36","45.56","688.19K","-3.65%"
"2016年9月8日","47.62","46.12","47.75","45.77","761.94K","4.66%"
"2016年9月7日","45.50","44.85","46.17","44.55","572.88K","1.49%"
"2016年9月6日","44.83","44.15","46.53","43.84","932.15K","-0.53%"
"2016年9月5日","45.07","44.12","46.53","44.07","-","2.18%"
"2016年9月4日","44.11","44.15","44.38","44.10","-","-0.74%"
"2016年9月2日","44.44","43.55","44.67","43.16","576.92K","2.97%"
"2016年9月1日","43.16","44.85","45.08","43.00","605.00K","-3.45%"
"2016年8月31日","44.70","46.24","46.41","44.51","549.01K","-3.56%"
"2016年8月30日","46.35","46.98","47.49","46.21","464.45K","-1.34%"
"2016年8月29日","46.98","47.22","47.28","46.62","309.25K","-1.39%"
"2016年8月26日","47.64","47.37","48.46","46.94","558.34K","0.65%"
"2016年8月25日","47.33","46.80","47.46","46.42","458.82K","1.20%"
"2016年8月24日","46.77","47.59","47.74","46.45","603.50K","-2.77%"
"2016年8月23日","48.10","47.39","48.32","46.59","623.90K","2.23%"
"2016年8月22日","47.05","48.40","48.40","46.75","36.53K","-3.03%"
"2016年8月19日","48.52","48.33","48.75","47.93","162.44K","0.62%"
"2016年8月18日","48.22","46.90","48.38","46.63","229.28K","3.06%"
"2016年8月17日","46.79","46.37","46.95","45.84","563.35K","0.45%"
"2016年8月16日","46.58","45.59","46.73","45.34","550.44K","1.84%"
"2016年8月15日","45.74","44.74","45.93","44.38","522.53K","2.81%"
"2016年8月12日","44.49","43.46","44.78","43.31","536.08K","2.30%"
"2016年8月11日","43.49","41.48","43.86","41.10","682.24K","4.27%"
"2016年8月10日","41.71","42.74","43.39","41.42","676.15K","-2.48%"
"2016年8月9日","42.77","42.83","43.52","42.47","624.70K","-0.58%"
"2016年8月8日","43.02","41.99","43.39","41.81","562.53K","2.92%"
"2016年8月5日","41.80","41.84","42.10","41.06","550.19K","-0.31%"
"2016年8月4日","41.93","41.16","42.08","40.43","598.84K","2.69%"
"2016年8月3日","40.83","39.70","41.20","39.19","655.19K","3.34%"
"2016年8月2日","39.51","40.08","40.91","39.26","534.51K","-1.37%"
"2016年8月1日","40.06","41.35","41.88","39.82","533.02K","-3.70%"
"2016年7月29日","41.60","41.12","41.67","40.57","478.76K","1.12%"
"2016年7月28日","41.14","41.93","42.22","41.04","447.91K","-1.86%"
"2016年7月27日","41.92","42.66","43.20","41.68","537.39K","-2.33%"
"2016年7月26日","42.92","43.07","43.39","42.36","461.32K","-0.49%"
"2016年7月25日","43.13","44.20","44.37","42.97","389.84K","-2.40%"
"2016年7月22日","44.19","44.60","44.97","43.74","428.41K","-1.25%"
"2016年7月21日","44.75","45.65","46.09","44.52","432.97K","-0.42%"
"2016年7月20日","44.94","44.59","45.25","43.69","29.39K","0.65%"
"2016年7月19日","44.65","45.23","45.67","44.53","128.13K","-1.30%"
"2016年7月18日","45.24","46.12","46.14","44.86","211.39K","-1.55%"
"2016年7月15日","45.95","45.52","46.33","45.05","430.26K","0.59%"
"2016年7月14日","45.68","45.14","45.80","44.95","573.76K","2.08%"
"2016年7月13日","44.75","46.58","46.71","44.56","686.25K","-4.38%"
"2016年7月12日","46.80","44.58","46.93","44.51","658.26K","4.56%"
"2016年7月11日","44.76","45.07","45.77","44.42","533.66K","-1.43%"
"2016年7月8日","45.41","45.19","45.97","44.77","583.08K","0.60%"
"2016年7月7日","45.14","47.88","48.25","44.87","710.89K","-4.83%"
"2016年7月6日","47.43","46.83","47.95","45.92","607.66K","1.78%"
"2016年7月5日","46.60","49.11","49.35","46.33","609.19K","-4.21%"
"2016年7月4日","48.65","49.01","49.35","48.54","-","-0.73%"
"2016年7月3日","49.01","49.14","49.22","48.94","-","0.04%"
"2016年7月1日","48.99","48.38","49.30","47.90","405.19K","1.37%"
"2016年6月30日","48.33","49.55","49.62","48.17","508.74K","-3.11%"
"2016年6月29日","49.88","48.06","50.00","47.98","511.48K","4.24%"
"2016年6月28日","47.85","46.59","48.18","46.54","498.85K","3.28%"
"2016年6月27日","46.33","47.81","47.96","45.83","504.61K","-2.75%"
"2016年6月24日","47.64","50.30","50.45","46.70","649.45K","-4.93%"
"2016年6月23日","50.11","49.08","50.23","49.08","401.89K","1.99%"
"2016年6月22日","49.13","50.22","50.54","48.40","569.94K","0.57%"
"2016年6月21日","48.85","49.14","49.32","48.16","30.11K","-1.05%"
"2016年6月20日","49.37","48.29","49.42","48.14","98.29K","2.90%"
"2016年6月17日","47.98","45.99","48.29","45.83","226.65K","3.83%"
"2016年6月16日","46.21","47.45","47.75","45.91","507.91K","-3.75%"
"2016年6月15日","48.01","47.90","48.72","47.28","527.87K","-0.99%"
"2016年6月14日","48.49","48.52","48.69","47.84","456.14K","-0.80%"
"2016年6月13日","48.88","48.85","49.28","48.16","506.04K","-0.39%"
"2016年6月10日","49.07","50.47","50.73","48.80","596.12K","-2.95%"
"2016年6月9日","50.56","51.45","51.67","50.23","560.72K","-1.31%"
"2016年6月8日","51.23","50.41","51.62","50.32","656.42K","1.73%"
"2016年6月7日","50.36","49.71","50.53","49.44","542.25K","1.35%"
"2016年6月6日","49.69","48.88","49.90","48.71","450.47K","2.20%"
"2016年6月3日","48.62","49.04","49.41","48.33","481.03K","-1.12%"
"2016年6月2日","49.17","48.90","49.47","47.97","564.85K","0.33%"
"2016年6月1日","49.01","48.82","49.25","47.75","568.84K","-0.18%"
"2016年5月31日","49.10","49.54","50.10","48.81","476.99K","-0.83%"
"2016年5月30日","49.51","49.56","49.75","49.08","-","-0.14%"
"2016年5月29日","49.58","49.54","49.71","49.54","-","0.51%"
"2016年5月27日","49.33","49.31","49.60","48.69","406.39K","-0.30%"
"2016年5月26日","49.48","49.70","50.21","49.22","488.47K","-0.16%"
"2016年5月25日","49.56","49.09","49.75","48.65","550.50K","1.93%"
"2016年5月24日","48.62","48.08","49.27","47.64","475.97K","1.12%"
"2016年5月23日","48.08","48.46","48.50","47.40","475.45K","0.69%"
"2016年5月20日","47.75","48.20","48.79","47.44","28.52K","-0.85%"
"2016年5月19日","48.16","47.87","48.28","46.73","108.82K","-0.06%"
"2016年5月18日","48.19","48.53","48.95","47.75","343.18K","-0.25%"
"2016年5月17日","48.31","47.90","48.76","47.53","470.44K","1.24%"
"2016年5月16日","47.72","46.28","47.98","46.15","550.86K","3.27%"
"2016年5月13日","46.21","46.41","46.49","45.75","519.36K","-1.05%"
"2016年5月12日","46.70","46.00","47.02","45.61","715.10K","1.02%"
"2016年5月11日","46.23","44.60","46.36","43.96","869.96K","3.52%"
"2016年5月10日","44.66","43.25","44.79","43.03","709.42K","2.81%"
"2016年5月9日","43.44","45.00","45.94","43.24","767.57K","-2.73%"
"2016年5月6日","44.66","44.52","45.34","43.54","695.31K","0.77%"
"2016年5月5日","44.32","44.04","46.07","43.96","746.16K","1.23%"
"2016年5月4日","43.78","43.85","44.88","43.22","711.13K","0.30%"
"2016年5月3日","43.65","44.92","45.35","43.32","625.55K","-2.52%"
"2016年5月2日","44.78","45.90","46.15","44.54","464.03K","-2.48%"